Algoritimo,Tamanho do Padrao,Numero de Padroes,Numero de Tentativas,Similaridade HxC,Similaridade HxD,Similaridade CxD
1,2,16,1,1.333429,1.344961,0.874979
1,2,16,1,1.333429,1.344961,0.874979
1,2,16,1,1.333429,1.344961,0.874979
2,2,16,1,1.333429,1.344961,0.874979
2,2,16,1,1.333429,1.344961,0.874979
2,2,16,1,1.333429,1.344961,0.874979
3,2,16,1,1.333429,1.344961,0.874979
3,2,16,1,1.333429,1.344961,0.874979
3,2,16,1,1.333429,1.344961,0.874979
