Algoritimo,Tamanho do Padrao,Numero de Padroes,Numero de Tentativas,Tempo Total
1,2,16,1,22.622027
2,2,16,1,22.988196
3,2,16,1,0.916065
1,2,16,1,22.726271
1,2,16,1,22.755300
2,2,16,1,23.017022
3,2,16,1,0.910210
