Algoritimo,Tamanho do Padrao,Numero de Padroes,Numero de Tentativas,Tempo Total
1,2,16,1,22.779679
1,2,16,1,22.776114
1,2,16,1,22.793235
2,2,16,1,22.981284
2,2,16,1,22.983480
2,2,16,1,22.971437
3,2,16,1,0.916559
3,2,16,1,0.926662
3,2,16,1,0.921475
